page_url,url_source
https://internshala.com/internships/work-from-home-jobs/page-0,Internshala
https://internshala.com/internships/work-from-home-jobs/page-1,Internshala
https://internshala.com/internships/work-from-home-jobs/page-2,Internshala
https://internshala.com/internships/work-from-home-jobs/page-3,Internshala
https://internshala.com/internships/work-from-home-jobs/page-4,Internshala
https://internshala.com/internships/work-from-home-jobs/page-5,Internshala
https://internshala.com/internships/work-from-home-jobs/page-6,Internshala
https://internshala.com/internships/work-from-home-jobs/page-7,Internshala
https://internshala.com/internships/work-from-home-jobs/page-8,Internshala
https://internshala.com/internships/work-from-home-jobs/page-9,Internshala
https://internshala.com/internships/work-from-home-jobs/page-10,Internshala
https://internshala.com/internships/work-from-home-jobs/page-11,Internshala
https://internshala.com/internships/work-from-home-jobs/page-12,Internshala
https://internshala.com/internships/work-from-home-jobs/page-13,Internshala
https://internshala.com/internships/work-from-home-jobs/page-14,Internshala
https://internshala.com/internships/work-from-home-jobs/page-15,Internshala
https://internshala.com/internships/work-from-home-jobs/page-16,Internshala
https://internshala.com/internships/work-from-home-jobs/page-17,Internshala
https://internshala.com/internships/work-from-home-jobs/page-18,Internshala
https://internshala.com/internships/work-from-home-jobs/page-19,Internshala
https://internshala.com/internships/work-from-home-jobs/page-20,Internshala
https://internshala.com/internships/work-from-home-jobs/page-21,Internshala
https://internshala.com/internships/work-from-home-jobs/page-22,Internshala
https://internshala.com/internships/work-from-home-jobs/page-23,Internshala
https://internshala.com/internships/work-from-home-jobs/page-24,Internshala
https://internshala.com/internships/work-from-home-jobs/page-25,Internshala
https://internshala.com/internships/work-from-home-jobs/page-26,Internshala
https://internshala.com/internships/work-from-home-jobs/page-27,Internshala
https://internshala.com/internships/work-from-home-jobs/page-28,Internshala
https://internshala.com/internships/work-from-home-jobs/page-29,Internshala
https://internshala.com/internships/work-from-home-jobs/page-30,Internshala
https://internshala.com/internships/work-from-home-jobs/page-31,Internshala
https://internshala.com/internships/work-from-home-jobs/page-32,Internshala
https://internshala.com/internships/work-from-home-jobs/page-33,Internshala
https://internshala.com/internships/work-from-home-jobs/page-34,Internshala
https://internshala.com/internships/work-from-home-jobs/page-35,Internshala
https://internshala.com/internships/work-from-home-jobs/page-36,Internshala
https://internshala.com/internships/work-from-home-jobs/page-37,Internshala
https://internshala.com/internships/work-from-home-jobs/page-38,Internshala
https://internshala.com/internships/work-from-home-jobs/page-39,Internshala
https://internshala.com/internships/work-from-home-jobs/page-40,Internshala
https://internshala.com/internships/work-from-home-jobs/page-41,Internshala
https://internshala.com/internships/work-from-home-jobs/page-42,Internshala
https://internshala.com/internships/work-from-home-jobs/page-43,Internshala
https://internshala.com/internships/work-from-home-jobs/page-44,Internshala
https://internshala.com/internships/work-from-home-jobs/page-45,Internshala
https://internshala.com/internships/work-from-home-jobs/page-46,Internshala
https://internshala.com/internships/work-from-home-jobs/page-47,Internshala
https://internshala.com/internships/work-from-home-jobs/page-48,Internshala
https://internshala.com/internships/work-from-home-jobs/page-49,Internshala
https://internshala.com/internships/work-from-home-jobs/page-50,Internshala
https://internshala.com/internships/work-from-home-jobs/page-51,Internshala
https://internshala.com/internships/work-from-home-jobs/page-52,Internshala
https://internshala.com/internships/work-from-home-jobs/page-53,Internshala
https://internshala.com/internships/work-from-home-jobs/page-54,Internshala
https://internshala.com/internships/work-from-home-jobs/page-55,Internshala
https://internshala.com/internships/work-from-home-jobs/page-56,Internshala
https://internshala.com/internships/work-from-home-jobs/page-57,Internshala
https://internshala.com/internships/work-from-home-jobs/page-58,Internshala
https://internshala.com/internships/work-from-home-jobs/page-59,Internshala
https://internshala.com/internships/work-from-home-jobs/page-60,Internshala
https://internshala.com/internships/work-from-home-jobs/page-61,Internshala
https://internshala.com/internships/work-from-home-jobs/page-62,Internshala
https://internshala.com/internships/work-from-home-jobs/page-63,Internshala
https://internshala.com/internships/work-from-home-jobs/page-64,Internshala
https://internshala.com/internships/work-from-home-jobs/page-65,Internshala
https://internshala.com/internships/work-from-home-jobs/page-66,Internshala
https://internshala.com/internships/work-from-home-jobs/page-67,Internshala
https://internshala.com/internships/work-from-home-jobs/page-68,Internshala
https://internshala.com/internships/work-from-home-jobs/page-69,Internshala
https://internshala.com/internships/work-from-home-jobs/page-70,Internshala
https://internshala.com/internships/work-from-home-jobs/page-71,Internshala
https://internshala.com/internships/work-from-home-jobs/page-72,Internshala
https://internshala.com/internships/work-from-home-jobs/page-73,Internshala
https://internshala.com/internships/work-from-home-jobs/page-74,Internshala
https://internshala.com/internships/work-from-home-jobs/page-75,Internshala
https://internshala.com/internships/work-from-home-jobs/page-76,Internshala
https://internshala.com/internships/work-from-home-jobs/page-77,Internshala
https://internshala.com/internships/work-from-home-jobs/page-78,Internshala
https://internshala.com/internships/work-from-home-jobs/page-79,Internshala
https://internshala.com/internships/work-from-home-jobs/page-80,Internshala
https://internshala.com/internships/work-from-home-jobs/page-81,Internshala
https://internshala.com/internships/work-from-home-jobs/page-82,Internshala
https://internshala.com/internships/work-from-home-jobs/page-83,Internshala
https://internshala.com/internships/work-from-home-jobs/page-84,Internshala
https://internshala.com/internships/work-from-home-jobs/page-85,Internshala
https://internshala.com/internships/work-from-home-jobs/page-86,Internshala
https://internshala.com/internships/work-from-home-jobs/page-87,Internshala
https://internshala.com/internships/work-from-home-jobs/page-88,Internshala
https://internshala.com/internships/work-from-home-jobs/page-89,Internshala
https://internshala.com/internships/work-from-home-jobs/page-90,Internshala
https://internshala.com/internships/work-from-home-jobs/page-91,Internshala
https://internshala.com/internships/work-from-home-jobs/page-92,Internshala
https://internshala.com/internships/work-from-home-jobs/page-93,Internshala
https://internshala.com/internships/work-from-home-jobs/page-94,Internshala
https://internshala.com/internships/work-from-home-jobs/page-95,Internshala
https://internshala.com/internships/work-from-home-jobs/page-96,Internshala
https://internshala.com/internships/work-from-home-jobs/page-97,Internshala
https://internshala.com/internships/work-from-home-jobs/page-98,Internshala
https://internshala.com/internships/work-from-home-jobs/page-99,Internshala
https://internshala.com/internships/work-from-home-jobs/page-100,Internshala
https://internshala.com/internships/work-from-home-jobs/page-101,Internshala
https://internshala.com/internships/work-from-home-jobs/page-102,Internshala
https://internshala.com/internships/work-from-home-jobs/page-103,Internshala
https://internshala.com/internships/work-from-home-jobs/page-104,Internshala
https://internshala.com/internships/work-from-home-jobs/page-105,Internshala
https://internshala.com/internships/work-from-home-jobs/page-106,Internshala
https://internshala.com/internships/work-from-home-jobs/page-107,Internshala
https://internshala.com/internships/work-from-home-jobs/page-108,Internshala
https://internshala.com/internships/work-from-home-jobs/page-109,Internshala
https://internshala.com/internships/work-from-home-jobs/page-110,Internshala
https://internshala.com/internships/work-from-home-jobs/page-111,Internshala
https://internshala.com/internships/work-from-home-jobs/page-112,Internshala
https://internshala.com/internships/work-from-home-jobs/page-113,Internshala
https://internshala.com/internships/work-from-home-jobs/page-114,Internshala
https://internshala.com/internships/work-from-home-jobs/page-115,Internshala
https://internshala.com/internships/work-from-home-jobs/page-116,Internshala
https://internshala.com/internships/work-from-home-jobs/page-117,Internshala
https://internshala.com/internships/work-from-home-jobs/page-118,Internshala
https://internshala.com/internships/work-from-home-jobs/page-119,Internshala
https://internshala.com/internships/work-from-home-jobs/page-120,Internshala
https://internshala.com/internships/work-from-home-jobs/page-121,Internshala
https://internshala.com/internships/work-from-home-jobs/page-122,Internshala
https://internshala.com/internships/work-from-home-jobs/page-123,Internshala
https://internshala.com/internships/work-from-home-jobs/page-124,Internshala
https://internshala.com/internships/work-from-home-jobs/page-125,Internshala
https://internshala.com/internships/work-from-home-jobs/page-126,Internshala
https://internshala.com/internships/work-from-home-jobs/page-127,Internshala
https://internshala.com/internships/work-from-home-jobs/page-128,Internshala
https://internshala.com/internships/work-from-home-jobs/page-129,Internshala
https://internshala.com/internships/work-from-home-jobs/page-130,Internshala
https://internshala.com/internships/work-from-home-jobs/page-131,Internshala
https://internshala.com/internships/work-from-home-jobs/page-132,Internshala
https://internshala.com/internships/work-from-home-jobs/page-133,Internshala
https://internshala.com/internships/work-from-home-jobs/page-134,Internshala
https://internshala.com/internships/work-from-home-jobs/page-135,Internshala
https://internshala.com/internships/work-from-home-jobs/page-136,Internshala
https://internshala.com/internships/work-from-home-jobs/page-137,Internshala
https://internshala.com/internships/work-from-home-jobs/page-138,Internshala
https://internshala.com/internships/work-from-home-jobs/page-139,Internshala
https://internshala.com/internships/work-from-home-jobs/page-140,Internshala
https://internshala.com/internships/work-from-home-jobs/page-141,Internshala
https://internshala.com/internships/work-from-home-jobs/page-142,Internshala
https://internshala.com/internships/work-from-home-jobs/page-143,Internshala
https://internshala.com/internships/work-from-home-jobs/page-144,Internshala
https://internshala.com/internships/work-from-home-jobs/page-145,Internshala
https://internshala.com/internships/work-from-home-jobs/page-146,Internshala
https://internshala.com/internships/work-from-home-jobs/page-147,Internshala
https://internshala.com/internships/work-from-home-jobs/page-148,Internshala
https://internshala.com/internships/work-from-home-jobs/page-149,Internshala
https://internshala.com/internships/work-from-home-jobs/page-150,Internshala
https://internshala.com/internships/work-from-home-jobs/page-151,Internshala
https://internshala.com/internships/work-from-home-jobs/page-152,Internshala
https://internshala.com/internships/work-from-home-jobs/page-153,Internshala
https://internshala.com/internships/work-from-home-jobs/page-154,Internshala
https://internshala.com/internships/work-from-home-jobs/page-155,Internshala
https://internshala.com/internships/work-from-home-jobs/page-156,Internshala
https://internshala.com/internships/work-from-home-jobs/page-157,Internshala
https://internshala.com/internships/work-from-home-jobs/page-158,Internshala
https://internshala.com/internships/work-from-home-jobs/page-159,Internshala
https://internshala.com/internships/work-from-home-jobs/page-160,Internshala
https://internshala.com/internships/work-from-home-jobs/page-161,Internshala
https://internshala.com/internships/work-from-home-jobs/page-162,Internshala
https://internshala.com/internships/work-from-home-jobs/page-163,Internshala
https://internshala.com/internships/work-from-home-jobs/page-164,Internshala
https://internshala.com/internships/work-from-home-jobs/page-165,Internshala
https://internshala.com/internships/work-from-home-jobs/page-166,Internshala
https://internshala.com/internships/work-from-home-jobs/page-167,Internshala
https://internshala.com/internships/work-from-home-jobs/page-168,Internshala
https://internshala.com/internships/work-from-home-jobs/page-169,Internshala
https://internshala.com/internships/work-from-home-jobs/page-170,Internshala
https://internshala.com/internships/work-from-home-jobs/page-171,Internshala
https://internshala.com/internships/work-from-home-jobs/page-172,Internshala
https://internshala.com/internships/work-from-home-jobs/page-173,Internshala
https://internshala.com/internships/work-from-home-jobs/page-174,Internshala
https://internshala.com/internships/work-from-home-jobs/page-175,Internshala
https://internshala.com/internships/work-from-home-jobs/page-176,Internshala
https://internshala.com/internships/work-from-home-jobs/page-177,Internshala
https://internshala.com/internships/work-from-home-jobs/page-178,Internshala
https://internshala.com/internships/work-from-home-jobs/page-179,Internshala
https://internshala.com/internships/work-from-home-jobs/page-180,Internshala
https://internshala.com/internships/work-from-home-jobs/page-181,Internshala
https://internshala.com/internships/work-from-home-jobs/page-182,Internshala
https://internshala.com/internships/work-from-home-jobs/page-183,Internshala
https://internshala.com/internships/work-from-home-jobs/page-184,Internshala
https://internshala.com/internships/work-from-home-jobs/page-185,Internshala
https://internshala.com/internships/work-from-home-jobs/page-186,Internshala
https://internshala.com/internships/work-from-home-jobs/page-187,Internshala
https://internshala.com/internships/work-from-home-jobs/page-188,Internshala
https://internshala.com/internships/work-from-home-jobs/page-189,Internshala
https://internshala.com/internships/work-from-home-jobs/page-190,Internshala
https://internshala.com/internships/work-from-home-jobs/page-191,Internshala
https://internshala.com/internships/work-from-home-jobs/page-192,Internshala
https://internshala.com/internships/work-from-home-jobs/page-193,Internshala
https://internshala.com/internships/work-from-home-jobs/page-194,Internshala
https://internshala.com/internships/work-from-home-jobs/page-195,Internshala
https://internshala.com/internships/work-from-home-jobs/page-196,Internshala
https://internshala.com/internships/work-from-home-jobs/page-197,Internshala
https://internshala.com/internships/work-from-home-jobs/page-198,Internshala
https://internshala.com/internships/work-from-home-jobs/page-199,Internshala
https://internshala.com/internships/work-from-home-jobs/page-200,Internshala
https://internshala.com/internships/work-from-home-jobs/page-201,Internshala
https://internshala.com/internships/work-from-home-jobs/page-202,Internshala
https://internshala.com/internships/work-from-home-jobs/page-203,Internshala
https://internshala.com/internships/work-from-home-jobs/page-204,Internshala
https://internshala.com/internships/work-from-home-jobs/page-205,Internshala
https://internshala.com/internships/work-from-home-jobs/page-206,Internshala
https://internshala.com/internships/work-from-home-jobs/page-207,Internshala
https://internshala.com/internships/work-from-home-jobs/page-208,Internshala
https://internshala.com/internships/work-from-home-jobs/page-209,Internshala
https://internshala.com/internships/work-from-home-jobs/page-210,Internshala
https://internshala.com/internships/work-from-home-jobs/page-211,Internshala
https://internshala.com/internships/work-from-home-jobs/page-212,Internshala
https://internshala.com/internships/work-from-home-jobs/page-213,Internshala
https://internshala.com/internships/work-from-home-jobs/page-214,Internshala
https://internshala.com/internships/work-from-home-jobs/page-215,Internshala
https://internshala.com/internships/work-from-home-jobs/page-216,Internshala
https://internshala.com/internships/work-from-home-jobs/page-217,Internshala
https://internshala.com/internships/work-from-home-jobs/page-218,Internshala
https://internshala.com/internships/work-from-home-jobs/page-219,Internshala
https://internshala.com/internships/work-from-home-jobs/page-220,Internshala
https://internshala.com/internships/work-from-home-jobs/page-221,Internshala
https://internshala.com/internships/work-from-home-jobs/page-222,Internshala
https://internshala.com/internships/work-from-home-jobs/page-223,Internshala
https://internshala.com/internships/work-from-home-jobs/page-224,Internshala
https://internshala.com/internships/work-from-home-jobs/page-225,Internshala
https://internshala.com/internships/work-from-home-jobs/page-226,Internshala
https://internshala.com/internships/work-from-home-jobs/page-227,Internshala
https://internshala.com/internships/work-from-home-jobs/page-228,Internshala
https://internshala.com/internships/work-from-home-jobs/page-229,Internshala
https://internshala.com/internships/work-from-home-jobs/page-230,Internshala
https://internshala.com/internships/work-from-home-jobs/page-231,Internshala
https://internshala.com/internships/work-from-home-jobs/page-232,Internshala
https://internshala.com/internships/work-from-home-jobs/page-233,Internshala
https://internshala.com/internships/work-from-home-jobs/page-234,Internshala
https://internshala.com/internships/work-from-home-jobs/page-235,Internshala
https://internshala.com/internships/work-from-home-jobs/page-236,Internshala
https://internshala.com/internships/work-from-home-jobs/page-237,Internshala
https://internshala.com/internships/work-from-home-jobs/page-238,Internshala
https://internshala.com/internships/work-from-home-jobs/page-239,Internshala
https://internshala.com/internships/work-from-home-jobs/page-240,Internshala
https://internshala.com/internships/work-from-home-jobs/page-241,Internshala
https://internshala.com/internships/work-from-home-jobs/page-242,Internshala
https://internshala.com/internships/work-from-home-jobs/page-243,Internshala
https://internshala.com/internships/work-from-home-jobs/page-244,Internshala
https://internshala.com/internships/work-from-home-jobs/page-245,Internshala
https://internshala.com/internships/work-from-home-jobs/page-246,Internshala
https://internshala.com/internships/work-from-home-jobs/page-247,Internshala
https://internshala.com/internships/work-from-home-jobs/page-248,Internshala
https://internshala.com/internships/work-from-home-jobs/page-249,Internshala
https://internshala.com/internships/work-from-home-jobs/page-250,Internshala
https://internshala.com/internships/work-from-home-jobs/page-251,Internshala
https://internshala.com/internships/work-from-home-jobs/page-252,Internshala
https://internshala.com/internships/work-from-home-jobs/page-253,Internshala
https://internshala.com/internships/work-from-home-jobs/page-254,Internshala
https://internshala.com/internships/work-from-home-jobs/page-255,Internshala
https://internshala.com/internships/work-from-home-jobs/page-256,Internshala
https://internshala.com/internships/work-from-home-jobs/page-257,Internshala
https://internshala.com/internships/work-from-home-jobs/page-258,Internshala
https://internshala.com/internships/work-from-home-jobs/page-259,Internshala
https://internshala.com/internships/work-from-home-jobs/page-260,Internshala
https://internshala.com/internships/work-from-home-jobs/page-261,Internshala
https://internshala.com/internships/work-from-home-jobs/page-262,Internshala
https://internshala.com/internships/work-from-home-jobs/page-263,Internshala
https://internshala.com/internships/work-from-home-jobs/page-264,Internshala
https://internshala.com/internships/work-from-home-jobs/page-265,Internshala
https://internshala.com/internships/work-from-home-jobs/page-266,Internshala
https://internshala.com/internships/work-from-home-jobs/page-267,Internshala
https://internshala.com/internships/work-from-home-jobs/page-268,Internshala
https://internshala.com/internships/work-from-home-jobs/page-269,Internshala
https://internshala.com/internships/work-from-home-jobs/page-270,Internshala
https://internshala.com/internships/work-from-home-jobs/page-271,Internshala
https://internshala.com/internships/work-from-home-jobs/page-272,Internshala
https://internshala.com/internships/work-from-home-jobs/page-273,Internshala
https://internshala.com/internships/work-from-home-jobs/page-274,Internshala
https://internshala.com/internships/work-from-home-jobs/page-275,Internshala
https://internshala.com/internships/work-from-home-jobs/page-276,Internshala
https://internshala.com/internships/work-from-home-jobs/page-277,Internshala
https://internshala.com/internships/work-from-home-jobs/page-278,Internshala
https://internshala.com/internships/work-from-home-jobs/page-279,Internshala
https://internshala.com/internships/work-from-home-jobs/page-280,Internshala
https://internshala.com/internships/work-from-home-jobs/page-281,Internshala
https://internshala.com/internships/work-from-home-jobs/page-282,Internshala
https://internshala.com/internships/work-from-home-jobs/page-283,Internshala
https://internshala.com/internships/work-from-home-jobs/page-284,Internshala
https://internshala.com/internships/work-from-home-jobs/page-285,Internshala
https://internshala.com/internships/work-from-home-jobs/page-286,Internshala
https://internshala.com/internships/work-from-home-jobs/page-287,Internshala
https://internshala.com/internships/work-from-home-jobs/page-288,Internshala
https://internshala.com/internships/work-from-home-jobs/page-289,Internshala
https://internshala.com/internships/work-from-home-jobs/page-290,Internshala
https://internshala.com/internships/work-from-home-jobs/page-291,Internshala
https://internshala.com/internships/work-from-home-jobs/page-292,Internshala
https://internshala.com/internships/work-from-home-jobs/page-293,Internshala
https://internshala.com/internships/work-from-home-jobs/page-294,Internshala
https://internshala.com/internships/work-from-home-jobs/page-295,Internshala
https://internshala.com/internships/work-from-home-jobs/page-296,Internshala
https://internshala.com/internships/work-from-home-jobs/page-297,Internshala
https://internshala.com/internships/work-from-home-jobs/page-298,Internshala
https://internshala.com/internships/work-from-home-jobs/page-299,Internshala
